﻿{"cameraMode":{"drawMode":0,"name":"Shaded","section":"Shading Mode"},"sceneLighting":true,"audioPlay":false,"sceneViewState":{"m_AlwaysRefresh":false,"showFog":true,"showSkybox":true,"showFlares":true,"showImageEffects":true,"showParticleSystems":true,"showVisualEffectGraphs":true,"m_FxEnabled":true},"in2DMode":false,"pivot":{"x":20.35911750793457,"y":5.3974504470825199,"z":30.80935287475586},"rotation":{"x":-0.08545411378145218,"y":-0.19830727577209474,"z":0.017356757074594499,"w":-0.9762576818466187},"size":10.0,"orthographic":false}