﻿{"cameraMode":{"drawMode":0,"name":"Shaded","section":"Shading Mode"},"sceneLighting":true,"audioPlay":false,"sceneViewState":{"m_AlwaysRefresh":false,"showFog":true,"showSkybox":true,"showFlares":true,"showImageEffects":true,"showParticleSystems":true,"showVisualEffectGraphs":true,"m_FxEnabled":true},"in2DMode":false,"pivot":{"x":77.08363342285156,"y":-8.390419006347657,"z":392.25457763671877},"rotation":{"x":0.1015249490737915,"y":0.07632365077733994,"z":-0.007827783934772015,"w":0.991909384727478},"size":378.6598815917969,"orthographic":false}